actual_delay,predicted_delay,absolute_error,relative_error
62.436952,0.000000,62.436952,1.000000
43.936035,0.000000,43.936035,1.000000
53.472124,62.436952,8.964828,0.167654
40.080433,53.186493,13.106061,0.326994
30.921189,0.000000,30.921189,1.000000
7.520893,49.981386,42.460493,5.645672
20.126019,0.000000,20.126019,1.000000
2.479485,0.000000,2.479485,1.000000
4.393806,0.000000,4.393806,1.000000
16.179414,0.000000,16.179414,1.000000
8.924407,0.000000,8.924407,1.000000
33.056616,0.000000,33.056616,1.000000
37.655601,26.406432,11.249169,0.298738
19.392813,26.960614,7.567801,0.390237
18.042068,0.000000,18.042068,1.000000
31.113083,27.183985,3.929098,0.126284
18.650959,0.000000,18.650959,1.000000
64.275076,0.000000,64.275076,1.000000
103.850313,26.375406,77.474907,0.746025
59.357774,28.480943,30.876831,0.520182
25.519969,32.447752,6.927783,0.271465
8.013195,0.000000,8.013195,1.000000
25.869230,0.000000,25.869230,1.000000
55.836752,0.000000,55.836752,1.000000
65.406579,31.968150,33.438429,0.511240
47.987954,32.962675,15.025279,0.313105
33.968047,34.260431,0.292385,0.008608
8.585133,34.788413,26.203280,3.052169
17.319270,0.000000,17.319270,1.000000
15.471172,0.000000,15.471172,1.000000
41.432137,33.254179,8.177958,0.197382
15.281546,32.661412,17.379866,1.137311
3.884171,0.000000,3.884171,1.000000
29.090290,0.000000,29.090290,1.000000
19.687726,0.000000,19.687726,1.000000
44.625118,0.000000,44.625118,1.000000
12.736676,0.000000,12.736676,1.000000
13.289826,0.000000,13.289826,1.000000
34.499979,0.000000,34.499979,1.000000
7.567461,0.000000,7.567461,1.000000
25.795477,0.000000,25.795477,1.000000
41.517718,30.048432,11.469285,0.276250
7.525484,0.000000,7.525484,1.000000
37.197877,30.220250,6.977627,0.187581
28.339708,29.692464,1.352756,0.047734
38.183546,0.000000,38.183546,1.000000
14.742538,0.000000,14.742538,1.000000
15.247551,30.010807,14.763256,0.968238
26.023192,0.000000,26.023192,1.000000
88.629813,0.000000,88.629813,1.000000
121.864646,29.316538,92.548107,0.759434
20.405765,0.000000,20.405765,1.000000
42.010815,32.294213,9.716602,0.231288
6.720524,0.000000,6.720524,1.000000
48.562817,0.000000,48.562817,1.000000
15.427430,0.000000,15.427430,1.000000
37.974498,32.085541,5.888957,0.155077
44.508301,31.788075,12.720226,0.285794
3.349922,0.000000,3.349922,1.000000
3.504150,0.000000,3.504150,1.000000
7.136564,0.000000,7.136564,1.000000
8.949281,31.157818,22.208537,2.481600
35.164663,30.764027,4.400637,0.125144
17.247161,0.000000,17.247161,1.000000
17.098192,0.000000,17.098192,1.000000
11.907552,0.000000,11.907552,1.000000
30.159128,30.077922,0.081206,0.002693
25.326085,29.802613,4.476528,0.176756
49.183501,0.000000,49.183501,1.000000
43.360929,29.742025,13.618904,0.314082
7.102040,0.000000,7.102040,1.000000
53.910943,0.000000,53.910943,1.000000
66.603564,29.888791,36.714773,0.551243
61.280319,0.000000,61.280319,1.000000
22.069575,30.720804,8.651228,0.391998
16.666978,0.000000,16.666978,1.000000
27.724660,31.012914,3.288254,0.118604
30.801297,30.824152,0.022854,0.000742
2.307268,0.000000,2.307268,1.000000
51.839890,0.000000,51.839890,1.000000
60.539818,30.423655,30.116163,0.497460
109.847127,30.691358,79.155769,0.720599
54.343337,31.059858,23.283479,0.428451
64.495759,32.020678,32.475081,0.503523
24.914147,32.289626,7.375478,0.296036
23.784019,0.000000,23.784019,1.000000
45.370663,32.581751,12.788912,0.281876
10.525724,0.000000,10.525724,1.000000
7.165381,0.000000,7.165381,1.000000
23.474204,32.376469,8.902265,0.379236
2.834750,0.000000,2.834750,1.000000
32.236361,0.000000,32.236361,1.000000
57.705372,0.000000,57.705372,1.000000
50.157070,31.683043,18.474027,0.368323
22.378609,0.000000,22.378609,1.000000
59.740891,0.000000,59.740891,1.000000
40.134916,32.053484,8.081432,0.201357
40.088650,0.000000,40.088650,1.000000
11.546255,32.422235,20.875980,1.808030
5.131745,0.000000,5.131745,1.000000
9.567921,0.000000,9.567921,1.000000
15.094303,0.000000,15.094303,1.000000
12.428323,0.000000,12.428323,1.000000
35.079368,0.000000,35.079368,1.000000
6.945153,0.000000,6.945153,1.000000
7.841763,0.000000,7.841763,1.000000
3.986524,0.000000,3.986524,1.000000
0.697796,0.000000,0.697796,1.000000
35.513059,0.000000,35.513059,1.000000
60.912473,30.494117,30.418356,0.499378
8.113146,0.000000,8.113146,1.000000
12.117597,0.000000,12.117597,1.000000
21.743913,0.000000,21.743913,1.000000
38.784868,30.446615,8.338253,0.214987
19.227123,0.000000,19.227123,1.000000
43.742948,0.000000,43.742948,1.000000
6.473027,30.345885,23.872858,3.688052
20.492190,0.000000,20.492190,1.000000
36.385364,0.000000,36.385364,1.000000
31.748170,30.173601,1.574568,0.049596
5.451907,30.225801,24.773894,4.544079
8.950155,0.000000,8.950155,1.000000
4.793027,0.000000,4.793027,1.000000
22.443690,0.000000,22.443690,1.000000
30.348502,29.657021,0.691482,0.022785
12.610055,0.000000,12.610055,1.000000
22.433901,29.604846,7.170945,0.319648
16.104679,0.000000,16.104679,1.000000
50.457398,29.414565,21.042833,0.417042
34.853368,29.310581,5.542787,0.159032
18.194955,29.474510,11.279555,0.619928
15.606528,0.000000,15.606528,1.000000
12.525468,0.000000,12.525468,1.000000
13.598361,0.000000,13.598361,1.000000
5.583492,0.000000,5.583492,1.000000
18.011558,0.000000,18.011558,1.000000
8.096117,0.000000,8.096117,1.000000
17.672335,28.827835,11.155500,0.631241
35.833342,0.000000,35.833342,1.000000
12.110031,0.000000,12.110031,1.000000
28.227580,0.000000,28.227580,1.000000
5.948011,0.000000,5.948011,1.000000
30.721665,0.000000,30.721665,1.000000
10.397842,28.369528,17.971685,1.728405
14.012877,0.000000,14.012877,1.000000
16.669910,0.000000,16.669910,1.000000
6.356121,0.000000,6.356121,1.000000
13.378915,0.000000,13.378915,1.000000
34.181095,0.000000,34.181095,1.000000
41.360165,27.837907,13.522258,0.326939
26.285258,0.000000,26.285258,1.000000
18.641732,0.000000,18.641732,1.000000
14.502256,0.000000,14.502256,1.000000
6.890582,0.000000,6.890582,1.000000
31.323386,27.810332,3.513054,0.112154
15.509787,0.000000,15.509787,1.000000
6.069038,0.000000,6.069038,1.000000
15.925801,0.000000,15.925801,1.000000
0.372716,0.000000,0.372716,1.000000
10.990493,0.000000,10.990493,1.000000
37.070766,0.000000,37.070766,1.000000
41.389355,27.137891,14.251463,0.344327
25.014282,0.000000,25.014282,1.000000
1.783447,0.000000,1.783447,1.000000
45.047208,0.000000,45.047208,1.000000
117.279250,27.117808,90.161443,0.768776
142.212516,27.226471,114.986045,0.808551
100.258995,27.768957,72.490038,0.723028
69.327560,28.454248,40.873312,0.589568
14.186779,28.881657,14.694878,1.035815
14.160583,0.000000,14.160583,1.000000
4.839010,0.000000,4.839010,1.000000
3.129142,0.000000,3.129142,1.000000
5.688481,0.000000,5.688481,1.000000
45.270551,0.000000,45.270551,1.000000
7.207012,0.000000,7.207012,1.000000
5.105223,0.000000,5.105223,1.000000
9.616952,0.000000,9.616952,1.000000
9.838613,0.000000,9.838613,1.000000
98.178147,0.000000,98.178147,1.000000
77.897928,28.159153,49.738776,0.638512
27.197396,0.000000,27.197396,1.000000
26.390416,0.000000,26.390416,1.000000
44.308623,28.811878,15.496745,0.349746
4.968112,0.000000,4.968112,1.000000
8.121448,0.000000,8.121448,1.000000
33.943511,28.753670,5.189841,0.152896
23.779568,28.642744,4.863176,0.204511
10.414304,0.000000,10.414304,1.000000
1.929867,0.000000,1.929867,1.000000
44.981851,0.000000,44.981851,1.000000
20.892070,28.408514,7.516443,0.359775
33.332645,0.000000,33.332645,1.000000
27.937609,0.000000,27.937609,1.000000
10.209831,0.000000,10.209831,1.000000
12.947664,0.000000,12.947664,1.000000
14.974294,28.384470,13.410176,0.895546
41.226791,0.000000,41.226791,1.000000
12.624337,0.000000,12.624337,1.000000
6.678658,0.000000,6.678658,1.000000
6.964632,0.000000,6.964632,1.000000
4.382156,28.117117,23.734961,5.416275
2.988781,0.000000,2.988781,1.000000
18.262382,0.000000,18.262382,1.000000
58.543036,0.000000,58.543036,1.000000
90.471292,27.725595,62.745697,0.693543
56.751058,27.875924,28.875134,0.508803
21.841500,28.179785,6.338285,0.290195
18.686821,28.317810,9.630989,0.515389
12.741580,28.286674,15.545094,1.220029
39.138303,28.240742,10.897561,0.278437
38.489949,0.000000,38.489949,1.000000
43.645879,28.218933,15.426946,0.353457
35.047944,28.267381,6.780563,0.193465
54.980623,0.000000,54.980623,1.000000
77.105992,28.370928,48.735064,0.632053
80.327573,28.494694,51.832879,0.645269
62.113888,28.719747,33.394141,0.537628
25.991986,0.000000,25.991986,1.000000
23.566582,29.109664,5.543082,0.235209
54.555576,0.000000,54.555576,1.000000
7.780148,29.070297,21.290149,2.736471
22.329819,0.000000,22.329819,1.000000
37.757239,0.000000,37.757239,1.000000
19.446801,29.058883,9.612082,0.494276
40.333408,0.000000,40.333408,1.000000
18.282384,29.054822,10.772438,0.589225
14.065609,0.000000,14.065609,1.000000
21.026197,0.000000,21.026197,1.000000
29.266418,0.000000,29.266418,1.000000
2.344756,0.000000,2.344756,1.000000
12.771877,0.000000,12.771877,1.000000
7.321144,0.000000,7.321144,1.000000
38.008300,28.773386,9.234914,0.242971
13.136189,28.681316,15.545127,1.183382
114.372758,0.000000,114.372758,1.000000
74.498093,28.654856,45.843237,0.615361
21.784467,0.000000,21.784467,1.000000
2.636594,0.000000,2.636594,1.000000
10.865580,0.000000,10.865580,1.000000
3.648438,0.000000,3.648438,1.000000
32.509032,0.000000,32.509032,1.000000
19.319220,28.886710,9.567491,0.495232
16.018773,0.000000,16.018773,1.000000
36.628145,0.000000,36.628145,1.000000
40.982502,28.809607,12.172895,0.297027
8.349109,28.841520,20.492411,2.454443
83.742931,0.000000,83.742931,1.000000
152.487601,28.807708,123.679893,0.811082
59.031737,29.029221,30.002515,0.508244
14.252688,0.000000,14.252688,1.000000
18.862280,0.000000,18.862280,1.000000
3.227728,29.581748,26.354021,8.164883
35.810386,0.000000,35.810386,1.000000
39.783973,29.435213,10.348760,0.260124
70.138999,29.460312,40.678687,0.579972
54.356076,29.500797,24.855279,0.457268
42.373159,29.659540,12.713619,0.300039
12.142422,29.755635,17.613213,1.450552
32.273349,0.000000,32.273349,1.000000
65.736804,29.736347,36.000457,0.547645
92.902376,29.746105,63.156271,0.679813
63.011353,0.000000,63.011353,1.000000
35.596916,30.124528,5.472387,0.153732
17.636019,0.000000,17.636019,1.000000
5.020524,0.000000,5.020524,1.000000
7.994344,0.000000,7.994344,1.000000
37.608758,30.127411,7.481348,0.198926
7.522959,0.000000,7.522959,1.000000
19.606588,0.000000,19.606588,1.000000
43.913954,29.988912,13.925042,0.317098
23.737695,0.000000,23.737695,1.000000
34.023920,0.000000,34.023920,1.000000
35.955102,29.978954,5.976147,0.166211
7.180952,0.000000,7.180952,1.000000
31.508258,0.000000,31.508258,1.000000
13.027072,0.000000,13.027072,1.000000
65.228973,29.938202,35.290771,0.541029
24.780680,0.000000,24.780680,1.000000
15.750695,0.000000,15.750695,1.000000
0.224165,0.000000,0.224165,1.000000
28.943280,0.000000,28.943280,1.000000
5.469746,29.829023,24.359276,4.453456
6.132767,0.000000,6.132767,1.000000
34.844726,0.000000,34.844726,1.000000
24.416949,29.656694,5.239745,0.214595
19.906253,0.000000,19.906253,1.000000
29.238916,29.656513,0.417598,0.014282
41.105612,0.000000,41.105612,1.000000
13.227311,0.000000,13.227311,1.000000
4.963111,0.000000,4.963111,1.000000
24.105625,0.000000,24.105625,1.000000
20.265606,29.519601,9.253996,0.456636
36.256772,0.000000,36.256772,1.000000
20.314208,0.000000,20.314208,1.000000
7.885586,29.492626,21.607040,2.740068
41.393430,0.000000,41.393430,1.000000
18.525158,29.388621,10.863463,0.586417
7.542441,0.000000,7.542441,1.000000
32.628155,29.392451,3.235704,0.099169
26.736464,29.319374,2.582910,0.096606
3.669778,0.000000,3.669778,1.000000
19.816568,0.000000,19.816568,1.000000
4.782341,0.000000,4.782341,1.000000
14.498318,0.000000,14.498318,1.000000
24.047075,0.000000,24.047075,1.000000
11.252341,0.000000,11.252341,1.000000
51.034850,0.000000,51.034850,1.000000
28.329267,29.003009,0.673742,0.023783
3.863341,0.000000,3.863341,1.000000
22.293829,0.000000,22.293829,1.000000
40.662313,0.000000,40.662313,1.000000
5.684575,28.969277,23.284702,4.096120
52.833872,0.000000,52.833872,1.000000
71.396896,28.932243,42.464653,0.594769
61.973172,29.008363,32.964809,0.531921
6.188872,0.000000,6.188872,1.000000
10.380130,0.000000,10.380130,1.000000
29.402625,0.000000,29.402625,1.000000
68.439572,0.000000,68.439572,1.000000
62.102578,29.115886,32.986692,0.531165
11.289822,29.238773,17.948950,1.589835
3.893453,0.000000,3.893453,1.000000
9.077659,0.000000,9.077659,1.000000
3.752302,0.000000,3.752302,1.000000
36.462858,0.000000,36.462858,1.000000
37.702538,29.066225,8.636313,0.229065
12.772211,29.088914,16.316703,1.277516
51.148284,0.000000,51.148284,1.000000
31.540884,29.065429,2.475455,0.078484
61.230171,0.000000,61.230171,1.000000
70.360154,29.139848,41.220306,0.585847
54.650058,29.236797,25.413261,0.465018
30.316276,0.000000,30.316276,1.000000
51.200428,29.436607,21.763820,0.425071
12.905977,0.000000,12.905977,1.000000
7.007837,0.000000,7.007837,1.000000
0.018974,0.000000,0.018974,1.000000
36.678593,0.000000,36.678593,1.000000
64.125934,0.000000,64.125934,1.000000
22.869262,29.323063,6.453801,0.282204
7.697932,0.000000,7.697932,1.000000
0.489118,0.000000,0.489118,1.000000
22.205320,0.000000,22.205320,1.000000
51.651907,0.000000,51.651907,1.000000
17.448315,0.000000,17.448315,1.000000
89.163721,0.000000,89.163721,1.000000
78.539747,29.268804,49.270944,0.627338
14.425246,0.000000,14.425246,1.000000
14.689455,0.000000,14.689455,1.000000
9.455386,29.539068,20.083682,2.124047
47.243163,0.000000,47.243163,1.000000
15.378213,29.439543,14.061330,0.914367
7.674378,0.000000,7.674378,1.000000
19.203754,0.000000,19.203754,1.000000
10.936107,0.000000,10.936107,1.000000
54.965987,0.000000,54.965987,1.000000
26.053683,0.000000,26.053683,1.000000
29.039659,29.380059,0.340400,0.011722
6.462035,0.000000,6.462035,1.000000
11.996885,0.000000,11.996885,1.000000
21.120969,29.306213,8.185243,0.387541
12.321907,0.000000,12.321907,1.000000
54.290179,29.235786,25.054394,0.461490
41.019678,29.189191,11.830487,0.288410
41.675042,0.000000,41.675042,1.000000
42.155508,29.290373,12.865135,0.305183
8.087554,0.000000,8.087554,1.000000
20.041549,0.000000,20.041549,1.000000
9.509373,0.000000,9.509373,1.000000
3.208554,0.000000,3.208554,1.000000
8.723030,0.000000,8.723030,1.000000
26.156316,29.152733,2.996417,0.114558
7.306293,0.000000,7.306293,1.000000
38.492087,29.089928,9.402159,0.244262
25.363689,29.031683,3.667994,0.144616
12.644169,0.000000,12.644169,1.000000
20.867860,29.047088,8.179228,0.391953
1.101200,0.000000,1.101200,1.000000
3.618198,0.000000,3.618198,1.000000
47.465819,0.000000,47.465819,1.000000
51.618282,28.841938,22.776343,0.441246
7.617682,28.890820,21.273139,2.792600
23.318594,0.000000,23.318594,1.000000
26.900568,0.000000,26.900568,1.000000
31.674716,28.880096,2.794619,0.088229
26.424216,28.874955,2.450739,0.092746
19.014339,0.000000,19.014339,1.000000
17.397846,0.000000,17.397846,1.000000
48.233519,28.850440,19.383079,0.401859
32.328341,28.820999,3.507342,0.108491
8.066685,0.000000,8.066685,1.000000
5.384176,0.000000,5.384176,1.000000
15.874278,0.000000,15.874278,1.000000
12.666769,0.000000,12.666769,1.000000
21.407164,0.000000,21.407164,1.000000
34.155270,0.000000,34.155270,1.000000
14.225877,28.675075,14.449197,1.015698
22.400543,0.000000,22.400543,1.000000
1.005178,0.000000,1.005178,1.000000
34.096719,0.000000,34.096719,1.000000
26.212631,0.000000,26.212631,1.000000
24.238997,28.581579,4.342583,0.179157
6.532845,0.000000,6.532845,1.000000
3.056902,0.000000,3.056902,1.000000
12.818210,0.000000,12.818210,1.000000
42.693763,28.447542,14.246221,0.333684
25.702163,0.000000,25.702163,1.000000
13.553144,28.444144,14.891000,1.098712
21.535884,0.000000,21.535884,1.000000
41.760714,28.401031,13.359683,0.319910
13.239693,0.000000,13.239693,1.000000
24.849300,0.000000,24.849300,1.000000
21.013114,28.379996,7.366881,0.350585
32.996052,0.000000,32.996052,1.000000
87.974242,28.353673,59.620569,0.677705
21.783386,0.000000,21.783386,1.000000
16.463947,0.000000,16.463947,1.000000
10.401502,28.492025,18.090522,1.739222
10.015072,0.000000,10.015072,1.000000
21.189937,0.000000,21.189937,1.000000
11.349600,0.000000,11.349600,1.000000
7.161022,0.000000,7.161022,1.000000
11.174335,0.000000,11.174335,1.000000
1.088248,0.000000,1.088248,1.000000
46.513638,0.000000,46.513638,1.000000
28.564212,28.164748,0.399464,0.013985
3.735638,0.000000,3.735638,1.000000
24.095456,0.000000,24.095456,1.000000
24.901035,28.151475,3.250440,0.130534
23.952748,0.000000,23.952748,1.000000
28.646221,0.000000,28.646221,1.000000
1.310100,0.000000,1.310100,1.000000
16.686792,0.000000,16.686792,1.000000
1.418163,0.000000,1.418163,1.000000
44.808254,0.000000,44.808254,1.000000
9.355034,0.000000,9.355034,1.000000
33.678406,0.000000,33.678406,1.000000
31.120329,27.972552,3.147777,0.101149
28.384846,0.000000,28.384846,1.000000
7.427501,0.000000,7.427501,1.000000
9.720532,0.000000,9.720532,1.000000
32.054091,0.000000,32.054091,1.000000
26.762627,0.000000,26.762627,1.000000
35.799781,27.915104,7.884678,0.220244
3.430971,0.000000,3.430971,1.000000
28.996376,0.000000,28.996376,1.000000
7.047938,0.000000,7.047938,1.000000
3.722764,0.000000,3.722764,1.000000
5.490824,0.000000,5.490824,1.000000
7.307565,0.000000,7.307565,1.000000
24.357965,0.000000,24.357965,1.000000
32.022939,0.000000,32.022939,1.000000
20.709145,27.675460,6.966315,0.336388
40.102026,0.000000,40.102026,1.000000
36.340111,27.669691,8.670420,0.238591
30.963943,0.000000,30.963943,1.000000
38.136996,27.715969,10.421027,0.273252
12.689238,0.000000,12.689238,1.000000
27.346365,27.745814,0.399450,0.014607
32.975231,0.000000,32.975231,1.000000
22.363067,27.712214,5.349147,0.239196
6.613557,0.000000,6.613557,1.000000
7.026766,0.000000,7.026766,1.000000
4.370597,0.000000,4.370597,1.000000
19.541490,0.000000,19.541490,1.000000
0.058713,0.000000,0.058713,1.000000
31.785355,0.000000,31.785355,1.000000
1.129512,0.000000,1.129512,1.000000
18.032705,0.000000,18.032705,1.000000
37.348500,27.448791,9.899710,0.265063
51.684459,27.428756,24.255703,0.469304
57.966297,27.449817,30.516479,0.526452
25.284887,0.000000,25.284887,1.000000
8.102263,0.000000,8.102263,1.000000
3.486937,0.000000,3.486937,1.000000
38.012539,0.000000,38.012539,1.000000
97.676768,27.469304,70.207463,0.718773
41.188212,27.491407,13.696804,0.332542
20.665966,0.000000,20.665966,1.000000
26.734171,0.000000,26.734171,1.000000
79.452499,27.651942,51.800556,0.651969
9.014139,0.000000,9.014139,1.000000
12.893638,0.000000,12.893638,1.000000
1.477313,0.000000,1.477313,1.000000
17.926577,0.000000,17.926577,1.000000
4.654413,0.000000,4.654413,1.000000
25.871891,0.000000,25.871891,1.000000
81.795619,27.566910,54.228709,0.662978
169.306065,27.563436,141.742629,0.837198
109.888447,27.674341,82.214107,0.748160
6.617786,0.000000,6.617786,1.000000
25.164126,0.000000,25.164126,1.000000
15.104614,0.000000,15.104614,1.000000
26.613335,0.000000,26.613335,1.000000
48.106721,0.000000,48.106721,1.000000
10.300472,0.000000,10.300472,1.000000
30.064738,0.000000,30.064738,1.000000
50.094720,28.056045,22.038675,0.439940
15.687836,0.000000,15.687836,1.000000
9.944232,0.000000,9.944232,1.000000
30.329207,0.000000,30.329207,1.000000
27.525869,0.000000,27.525869,1.000000
20.454774,0.000000,20.454774,1.000000
36.348242,0.000000,36.348242,1.000000
37.811850,0.000000,37.811850,1.000000
29.048351,28.048126,1.000225,0.034433
2.960339,0.000000,2.960339,1.000000
71.077155,0.000000,71.077155,1.000000
70.562216,28.019930,42.542286,0.602905
132.377433,28.104521,104.272911,0.787694
65.366493,28.187772,37.178721,0.568773
38.198396,0.000000,38.198396,1.000000
22.225365,28.463882,6.238517,0.280694
62.592775,28.482858,34.109918,0.544950
12.004228,0.000000,12.004228,1.000000
5.799465,0.000000,5.799465,1.000000
38.578200,0.000000,38.578200,1.000000
85.871305,0.000000,85.871305,1.000000
80.029612,28.480514,51.549099,0.644125
31.850081,0.000000,31.850081,1.000000
45.836493,0.000000,45.836493,1.000000
33.488605,28.696079,4.792526,0.143109
14.815535,0.000000,14.815535,1.000000
21.514320,0.000000,21.514320,1.000000
15.404465,28.711446,13.306981,0.863839
14.408306,0.000000,14.408306,1.000000
2.350033,0.000000,2.350033,1.000000
6.836766,28.645398,21.808632,3.189905
48.100303,0.000000,48.100303,1.000000
47.042062,28.554464,18.487598,0.393001
45.142104,0.000000,45.142104,1.000000
36.516137,28.626090,7.890047,0.216070
15.552791,28.657135,13.104345,0.842572
6.104058,28.671880,22.567823,3.697184
22.268021,0.000000,22.268021,1.000000
26.460618,0.000000,26.460618,1.000000
86.015507,28.593353,57.422155,0.667579
9.764063,0.000000,9.764063,1.000000
33.438223,28.696121,4.742102,0.141817
3.170808,0.000000,3.170808,1.000000
53.276079,0.000000,53.276079,1.000000
31.671615,28.622710,3.048904,0.096266
4.300561,0.000000,4.300561,1.000000
35.908358,0.000000,35.908358,1.000000
20.381294,28.628924,8.247629,0.404667
10.592622,0.000000,10.592622,1.000000
3.164563,0.000000,3.164563,1.000000
13.672799,28.594181,14.921381,1.091319
31.813012,0.000000,31.813012,1.000000
29.461308,0.000000,29.461308,1.000000
13.080337,0.000000,13.080337,1.000000
29.743600,28.528364,1.215236,0.040857
3.986420,0.000000,3.986420,1.000000
34.456029,0.000000,34.456029,1.000000
13.613678,28.458373,14.844695,1.090425
37.916349,0.000000,37.916349,1.000000
50.197319,28.442461,21.754858,0.433387
17.821430,0.000000,17.821430,1.000000
42.515217,28.498427,14.016790,0.329689
24.213651,0.000000,24.213651,1.000000
28.623110,0.000000,28.623110,1.000000
42.854373,28.496742,14.357631,0.335033
48.377624,28.496967,19.880657,0.410947
65.408795,28.522469,36.886326,0.563935
49.802643,28.557673,21.244970,0.426583
55.254867,28.622896,26.631971,0.481984
47.897331,28.660316,19.237015,0.401630
13.463668,0.000000,13.463668,1.000000
8.639265,28.741006,20.101741,2.326788
41.674341,28.714156,12.960184,0.310987
18.843655,0.000000,18.843655,1.000000
25.882261,0.000000,25.882261,1.000000
2.689117,0.000000,2.689117,1.000000
0.914876,0.000000,0.914876,1.000000
10.944032,0.000000,10.944032,1.000000
21.859929,0.000000,21.859929,1.000000
33.938300,28.555456,5.382845,0.158607
29.384721,0.000000,29.384721,1.000000
23.532075,28.553185,5.021109,0.213373
21.856151,0.000000,21.856151,1.000000
1.537189,0.000000,1.537189,1.000000
1.912002,0.000000,1.912002,1.000000
42.120329,0.000000,42.120329,1.000000
104.076106,28.442475,75.633631,0.726715
16.013978,0.000000,16.013978,1.000000
66.975408,0.000000,66.975408,1.000000
59.828322,28.573674,31.254647,0.522406
1.503670,0.000000,1.503670,1.000000
33.419908,0.000000,33.419908,1.000000
19.254421,0.000000,19.254421,1.000000
0.832086,0.000000,0.832086,1.000000
27.378409,0.000000,27.378409,1.000000
6.259591,0.000000,6.259591,1.000000
2.482076,0.000000,2.482076,1.000000
55.534194,0.000000,55.534194,1.000000
47.792497,0.000000,47.792497,1.000000
46.170076,28.553089,17.616986,0.381567
17.505711,0.000000,17.505711,1.000000
22.265751,0.000000,22.265751,1.000000
54.666203,28.596176,26.070027,0.476895
1.449029,0.000000,1.449029,1.000000
21.715134,0.000000,21.715134,1.000000
37.638861,28.583871,9.054990,0.240576
30.185747,0.000000,30.185747,1.000000
5.972051,0.000000,5.972051,1.000000
4.689423,0.000000,4.689423,1.000000
16.294320,0.000000,16.294320,1.000000
32.670084,28.513495,4.156588,0.127229
2.045304,0.000000,2.045304,1.000000
29.603710,0.000000,29.603710,1.000000
39.764891,28.456888,11.308004,0.284372
7.680971,0.000000,7.680971,1.000000
17.259523,0.000000,17.259523,1.000000
18.298151,0.000000,18.298151,1.000000
32.328851,28.425099,3.903753,0.120751
46.425162,0.000000,46.425162,1.000000
23.103915,28.414996,5.311081,0.229878
37.946417,0.000000,37.946417,1.000000
27.205570,28.435545,1.229975,0.045210
26.053020,0.000000,26.053020,1.000000
45.222006,28.448901,16.773105,0.370906
25.024479,28.445043,3.420563,0.136689
37.669255,0.000000,37.669255,1.000000
36.188621,28.466482,7.722139,0.213386
24.511972,0.000000,24.511972,1.000000
58.585526,0.000000,58.585526,1.000000
40.393890,28.487201,11.906689,0.294765
25.664323,0.000000,25.664323,1.000000
28.135353,28.554088,0.418735,0.014883
6.503411,0.000000,6.503411,1.000000
9.759573,0.000000,9.759573,1.000000
9.365203,28.513899,19.148696,2.044664
5.803639,0.000000,5.803639,1.000000
9.651784,0.000000,9.651784,1.000000
3.946015,0.000000,3.946015,1.000000
35.451829,0.000000,35.451829,1.000000
42.938288,28.350309,14.587978,0.339743
43.860325,0.000000,43.860325,1.000000
40.478656,28.384305,12.094351,0.298783
3.371302,0.000000,3.371302,1.000000
9.906858,0.000000,9.906858,1.000000
1.045246,0.000000,1.045246,1.000000
5.181183,0.000000,5.181183,1.000000
14.653125,0.000000,14.653125,1.000000
86.217191,0.000000,86.217191,1.000000
94.463332,28.259974,66.203357,0.700837
32.750328,0.000000,32.750328,1.000000
2.226169,0.000000,2.226169,1.000000
9.544354,0.000000,9.544354,1.000000
30.443721,0.000000,30.443721,1.000000
19.955095,28.389054,8.433958,0.422647
8.726565,0.000000,8.726565,1.000000
56.469733,0.000000,56.469733,1.000000
60.041747,28.349173,31.692573,0.527842
19.666673,0.000000,19.666673,1.000000
3.067829,0.000000,3.067829,1.000000
13.854302,0.000000,13.854302,1.000000
5.394003,28.388518,22.994515,4.262978
28.232608,0.000000,28.232608,1.000000
10.949265,0.000000,10.949265,1.000000
10.040614,0.000000,10.040614,1.000000
18.757115,0.000000,18.757115,1.000000
10.648690,0.000000,10.648690,1.000000
3.246511,0.000000,3.246511,1.000000
9.966536,0.000000,9.966536,1.000000
16.721505,0.000000,16.721505,1.000000
67.539360,0.000000,67.539360,1.000000
67.756182,28.154524,39.601658,0.584473
51.804099,28.213483,23.590616,0.455381
35.417870,28.272590,7.145280,0.201742
15.036748,0.000000,15.036748,1.000000
26.960173,0.000000,26.960173,1.000000
21.288648,0.000000,21.288648,1.000000
6.267818,0.000000,6.267818,1.000000
73.189969,0.000000,73.189969,1.000000
18.358990,0.000000,18.358990,1.000000
21.028325,28.320012,7.291687,0.346755
68.103436,0.000000,68.103436,1.000000
81.655403,28.294566,53.360837,0.653488
41.472512,28.353194,13.119318,0.316338
29.429172,28.431580,0.997592,0.033898
7.667246,0.000000,7.667246,1.000000
83.073721,28.452164,54.621556,0.657507
64.336263,28.421733,35.914530,0.558232
15.164873,0.000000,15.164873,1.000000
13.535021,0.000000,13.535021,1.000000
16.148258,28.534429,12.386171,0.767028
17.680923,0.000000,17.680923,1.000000
5.107432,0.000000,5.107432,1.000000
6.271740,0.000000,6.271740,1.000000
56.288675,0.000000,56.288675,1.000000
63.649745,28.412969,35.236776,0.553604
12.590960,0.000000,12.590960,1.000000
16.342331,0.000000,16.342331,1.000000
13.873667,0.000000,13.873667,1.000000
41.499345,0.000000,41.499345,1.000000
23.556436,28.442682,4.886247,0.207427
44.317910,28.461415,15.856495,0.357790
12.785710,0.000000,12.785710,1.000000
41.070579,0.000000,41.070579,1.000000
110.742562,28.454666,82.287896,0.743056
10.065351,0.000000,10.065351,1.000000
1.303284,0.000000,1.303284,1.000000
12.978401,0.000000,12.978401,1.000000
37.709798,0.000000,37.709798,1.000000
47.750027,0.000000,47.750027,1.000000
36.076326,28.515774,7.560552,0.209571
5.717654,0.000000,5.717654,1.000000
31.077627,0.000000,31.077627,1.000000
24.046838,28.521411,4.474573,0.186077
3.050960,0.000000,3.050960,1.000000
3.816146,0.000000,3.816146,1.000000
25.810836,0.000000,25.810836,1.000000
21.443379,0.000000,21.443379,1.000000
19.658010,0.000000,19.658010,1.000000
21.909437,28.434862,6.525425,0.297836
16.101238,0.000000,16.101238,1.000000
1.275803,0.000000,1.275803,1.000000
24.341944,0.000000,24.341944,1.000000
21.540014,28.358652,6.818638,0.316557
4.531907,28.353073,23.821166,5.256322
25.428526,0.000000,25.428526,1.000000
44.848019,28.310643,16.537375,0.368743
15.616329,28.306657,12.690328,0.812632
8.850507,0.000000,8.850507,1.000000
28.941349,0.000000,28.941349,1.000000
49.528000,0.000000,49.528000,1.000000
69.469948,28.286065,41.183883,0.592830
8.341470,0.000000,8.341470,1.000000
63.083639,0.000000,63.083639,1.000000
58.516837,28.344258,30.172578,0.515622
51.372205,28.391781,22.980423,0.447332
17.332542,28.432936,11.100394,0.640437
8.425184,0.000000,8.425184,1.000000
33.604801,28.449065,5.155736,0.153423
93.207880,0.000000,93.207880,1.000000
42.095065,0.000000,42.095065,1.000000
42.476761,28.516759,13.960002,0.328650
20.253867,0.000000,20.253867,1.000000
15.071497,28.554024,13.482527,0.894571
10.721461,28.542807,17.821347,1.662213
12.556516,0.000000,12.556516,1.000000
7.877983,28.500634,20.622651,2.617758
0.338330,0.000000,0.338330,1.000000
25.297105,0.000000,25.297105,1.000000
26.625737,0.000000,26.625737,1.000000
12.218751,28.409571,16.190820,1.325080
0.600965,0.000000,0.600965,1.000000
8.227930,0.000000,8.227930,1.000000
15.462211,0.000000,15.462211,1.000000
29.368442,0.000000,29.368442,1.000000
19.619651,0.000000,19.619651,1.000000
19.327183,0.000000,19.327183,1.000000
15.311966,0.000000,15.311966,1.000000
15.222367,0.000000,15.222367,1.000000
2.233593,0.000000,2.233593,1.000000
51.603009,0.000000,51.603009,1.000000
43.334734,28.213684,15.121049,0.348936
10.958026,28.244541,17.286515,1.577521
28.658033,0.000000,28.658033,1.000000
10.607856,0.000000,10.607856,1.000000
18.827646,0.000000,18.827646,1.000000
4.909191,0.000000,4.909191,1.000000
10.471480,0.000000,10.471480,1.000000
10.904681,0.000000,10.904681,1.000000
36.794940,0.000000,36.794940,1.000000
37.458727,28.130592,9.328134,0.249024
0.490964,0.000000,0.490964,1.000000
45.985805,0.000000,45.985805,1.000000
8.227427,0.000000,8.227427,1.000000
24.679782,0.000000,24.679782,1.000000
26.633942,0.000000,26.633942,1.000000
51.571974,0.000000,51.571974,1.000000
2.647053,0.000000,2.647053,1.000000
29.936523,0.000000,29.936523,1.000000
13.245096,0.000000,13.245096,1.000000
5.294247,0.000000,5.294247,1.000000
8.450096,0.000000,8.450096,1.000000
25.223016,0.000000,25.223016,1.000000
5.129108,0.000000,5.129108,1.000000
25.583225,0.000000,25.583225,1.000000
35.757344,0.000000,35.757344,1.000000
22.749036,0.000000,22.749036,1.000000
35.402222,0.000000,35.402222,1.000000
12.422780,0.000000,12.422780,1.000000
14.068294,0.000000,14.068294,1.000000
6.488262,0.000000,6.488262,1.000000
7.411573,0.000000,7.411573,1.000000
29.133307,27.947048,1.186259,0.040718
11.126640,0.000000,11.126640,1.000000
11.790970,0.000000,11.790970,1.000000
21.089445,0.000000,21.089445,1.000000
28.777870,27.880980,0.896890,0.031166
41.069614,0.000000,41.069614,1.000000
77.845260,27.873556,49.971704,0.641936
50.839379,27.890155,22.949225,0.451406
22.937139,0.000000,22.937139,1.000000
21.510611,27.981628,6.471017,0.300829
2.868818,0.000000,2.868818,1.000000
0.473307,0.000000,0.473307,1.000000
70.746440,0.000000,70.746440,1.000000
18.858847,0.000000,18.858847,1.000000
5.841596,27.954980,22.113384,3.785504
14.079031,0.000000,14.079031,1.000000
17.936526,0.000000,17.936526,1.000000
75.800824,0.000000,75.800824,1.000000
103.178166,27.886613,75.291553,0.729724
43.248537,27.945986,15.302551,0.353828
6.267587,0.000000,6.267587,1.000000
0.536216,0.000000,0.536216,1.000000
9.166689,0.000000,9.166689,1.000000
1.716214,0.000000,1.716214,1.000000
26.083045,0.000000,26.083045,1.000000
34.317290,27.941604,6.375686,0.185786
25.860592,0.000000,25.860592,1.000000
1.371892,0.000000,1.371892,1.000000
12.942698,0.000000,12.942698,1.000000
51.094584,27.912065,23.182519,0.453718
59.514926,27.893765,31.621161,0.531315
14.478351,27.922093,13.443742,0.928541
3.447871,0.000000,3.447871,1.000000
25.154744,0.000000,25.154744,1.000000
18.029902,0.000000,18.029902,1.000000
8.293523,0.000000,8.293523,1.000000
10.930783,27.899054,16.968271,1.552338
30.799984,27.875289,2.924694,0.094958
28.698427,27.854775,0.843651,0.029397
32.447799,0.000000,32.447799,1.000000
33.018817,0.000000,33.018817,1.000000
46.948648,27.864886,19.083762,0.406482
38.694929,27.871096,10.823833,0.279722
29.280476,0.000000,29.280476,1.000000
10.323968,27.907035,17.583067,1.703131
14.924300,0.000000,14.924300,1.000000
19.616732,0.000000,19.616732,1.000000
10.492080,0.000000,10.492080,1.000000
28.351318,0.000000,28.351318,1.000000
7.417378,0.000000,7.417378,1.000000
51.476053,0.000000,51.476053,1.000000
59.561300,27.817711,31.743589,0.532957
7.424129,0.000000,7.424129,1.000000
8.167184,0.000000,8.167184,1.000000
2.656935,0.000000,2.656935,1.000000
13.557363,0.000000,13.557363,1.000000
12.467933,0.000000,12.467933,1.000000
0.565147,0.000000,0.565147,1.000000
25.674621,0.000000,25.674621,1.000000
0.931806,0.000000,0.931806,1.000000
18.135366,0.000000,18.135366,1.000000
17.034176,27.704996,10.670820,0.626436
5.110140,0.000000,5.110140,1.000000
5.927633,0.000000,5.927633,1.000000
6.935172,0.000000,6.935172,1.000000
10.046067,0.000000,10.046067,1.000000
54.374838,27.605017,26.769822,0.492320
57.219484,27.584480,29.635005,0.517918
35.523222,27.615777,7.907445,0.222599
31.827832,27.650320,4.177512,0.131253
24.655210,0.000000,24.655210,1.000000
2.881310,0.000000,2.881310,1.000000
5.610297,0.000000,5.610297,1.000000
27.408991,0.000000,27.408991,1.000000
23.510831,27.606523,4.095691,0.174204
4.085525,0.000000,4.085525,1.000000
64.644899,0.000000,64.644899,1.000000
44.915468,27.574367,17.341101,0.386083
36.678070,0.000000,36.678070,1.000000
4.157322,27.637126,23.479803,5.647819
14.536674,0.000000,14.536674,1.000000
20.240818,0.000000,20.240818,1.000000
33.374014,27.605472,5.768543,0.172845
5.877178,0.000000,5.877178,1.000000
12.562796,0.000000,12.562796,1.000000
50.310325,0.000000,50.310325,1.000000
25.396663,0.000000,25.396663,1.000000
46.126970,27.587572,18.539398,0.401921
26.966485,27.585071,0.618585,0.022939
21.989688,0.000000,21.989688,1.000000
34.273199,27.605485,6.667714,0.194546
25.638375,0.000000,25.638375,1.000000
0.572195,0.000000,0.572195,1.000000
10.199853,0.000000,10.199853,1.000000
40.126957,27.573797,12.553160,0.312836
41.194091,27.554121,13.639970,0.331115
34.198550,0.000000,34.198550,1.000000
60.753967,27.583740,33.170227,0.545976
26.293665,0.000000,26.293665,1.000000
24.553702,0.000000,24.553702,1.000000
25.334884,27.627090,2.292206,0.090476
5.120551,0.000000,5.120551,1.000000
62.872945,27.621061,35.251884,0.560684
8.069881,0.000000,8.069881,1.000000
4.449520,27.635357,23.185837,5.210863
23.808574,0.000000,23.808574,1.000000
41.334411,27.587536,13.746875,0.332577
10.468951,0.000000,10.468951,1.000000
61.010129,27.598661,33.411468,0.547638
23.782815,27.579565,3.796750,0.159643
14.525959,0.000000,14.525959,1.000000
6.929103,0.000000,6.929103,1.000000
4.949549,0.000000,4.949549,1.000000
111.082817,0.000000,111.082817,1.000000
57.858672,27.549963,30.308708,0.523840
9.064710,0.000000,9.064710,1.000000
21.069727,27.675894,6.606167,0.313538
45.540535,27.655330,17.885205,0.392732
5.419863,27.648061,22.228198,4.101247
11.476418,0.000000,11.476418,1.000000
7.440865,0.000000,7.440865,1.000000
14.486960,0.000000,14.486960,1.000000
35.045016,0.000000,35.045016,1.000000
29.382889,27.588922,1.793968,0.061055
64.746968,27.597097,37.149871,0.573770
116.464249,27.599053,88.865196,0.763026
56.011746,27.639696,28.372050,0.506537
53.993288,27.736772,26.256515,0.486292
35.962458,27.767640,8.194818,0.227871
2.268933,0.000000,2.268933,1.000000
25.924464,0.000000,25.924464,1.000000
13.746507,0.000000,13.746507,1.000000
1.674908,0.000000,1.674908,1.000000
54.659955,0.000000,54.659955,1.000000
18.866219,0.000000,18.866219,1.000000
22.158439,0.000000,22.158439,1.000000
23.254717,0.000000,23.254717,1.000000
23.162696,27.745312,4.582616,0.197845
21.666246,0.000000,21.666246,1.000000
20.424447,0.000000,20.424447,1.000000
41.967483,27.728984,14.238499,0.339275
21.655364,0.000000,21.655364,1.000000
8.358340,0.000000,8.358340,1.000000
26.699026,0.000000,26.699026,1.000000
14.916277,27.709123,12.792847,0.857643
21.316384,0.000000,21.316384,1.000000
21.859067,27.694345,5.835278,0.266950
4.688518,0.000000,4.688518,1.000000
43.325896,0.000000,43.325896,1.000000
58.412675,27.656758,30.755917,0.526528
27.292521,0.000000,27.292521,1.000000
24.263999,0.000000,24.263999,1.000000
15.001546,0.000000,15.001546,1.000000
46.482762,0.000000,46.482762,1.000000
34.790143,27.688619,7.101524,0.204125
12.316276,0.000000,12.316276,1.000000
21.122769,0.000000,21.122769,1.000000
7.755649,0.000000,7.755649,1.000000
9.936034,0.000000,9.936034,1.000000
10.604495,27.671749,17.067254,1.609436
53.065404,0.000000,53.065404,1.000000
90.934343,27.635076,63.299268,0.696099
11.221458,0.000000,11.221458,1.000000
7.811021,0.000000,7.811021,1.000000
19.605422,0.000000,19.605422,1.000000
94.159378,0.000000,94.159378,1.000000
63.643255,27.681682,35.961573,0.565049
17.500586,0.000000,17.500586,1.000000
34.808851,27.788836,7.020015,0.201673
31.837076,27.778086,4.058990,0.127493
25.216399,27.785425,2.569026,0.101879
114.212907,0.000000,114.212907,1.000000
132.834146,27.786969,105.047177,0.790815
31.860658,27.876902,3.983755,0.125037
8.873758,0.000000,8.873758,1.000000
20.180606,27.990029,7.809423,0.386977
38.454333,0.000000,38.454333,1.000000
30.536638,27.962127,2.574511,0.084309
4.022425,0.000000,4.022425,1.000000
7.396468,0.000000,7.396468,1.000000
62.432086,0.000000,62.432086,1.000000
78.196949,27.929682,50.267267,0.642829
40.015458,27.965252,12.050206,0.301139
5.488450,0.000000,5.488450,1.000000
5.572966,0.000000,5.572966,1.000000
31.877527,0.000000,31.877527,1.000000
10.715442,0.000000,10.715442,1.000000
25.547312,27.987124,2.439811,0.095502
11.234219,0.000000,11.234219,1.000000
9.821674,0.000000,9.821674,1.000000
2.175677,0.000000,2.175677,1.000000
18.594388,0.000000,18.594388,1.000000
21.576021,0.000000,21.576021,1.000000
84.599880,27.895550,56.704330,0.670265
52.677118,27.889114,24.788003,0.470565
7.178074,0.000000,7.178074,1.000000
2.644381,0.000000,2.644381,1.000000
27.992015,0.000000,27.992015,1.000000
22.415376,0.000000,22.415376,1.000000
35.977165,0.000000,35.977165,1.000000
57.268771,0.000000,57.268771,1.000000
62.164015,27.927800,34.236215,0.550740
7.869958,27.957437,20.087479,2.552425
4.711450,0.000000,4.711450,1.000000
47.100499,0.000000,47.100499,1.000000
35.184043,27.948246,7.235797,0.205656
45.731660,27.967514,17.764146,0.388443
3.454688,0.000000,3.454688,1.000000
1.203287,0.000000,1.203287,1.000000
29.248364,0.000000,29.248364,1.000000
9.950782,27.941165,17.990383,1.807936
30.433712,0.000000,30.433712,1.000000
18.379597,0.000000,18.379597,1.000000
11.604068,27.926989,16.322921,1.406655
10.359190,0.000000,10.359190,1.000000
46.866449,27.901196,18.965253,0.404666
11.200281,0.000000,11.200281,1.000000
19.921220,0.000000,19.921220,1.000000
33.824843,0.000000,33.824843,1.000000
20.900530,0.000000,20.900530,1.000000
14.817245,27.883999,13.066754,0.881861
8.296424,0.000000,8.296424,1.000000
37.718591,0.000000,37.718591,1.000000
27.710311,0.000000,27.710311,1.000000
11.826893,0.000000,11.826893,1.000000
8.462780,0.000000,8.462780,1.000000
13.254156,0.000000,13.254156,1.000000
0.184555,0.000000,0.184555,1.000000
14.526839,0.000000,14.526839,1.000000
23.247292,27.778016,4.530724,0.194893
2.796912,0.000000,2.796912,1.000000
3.211482,0.000000,3.211482,1.000000
3.418870,27.736092,24.317221,7.112648
2.761782,0.000000,2.761782,1.000000
13.089313,0.000000,13.089313,1.000000
3.770425,0.000000,3.770425,1.000000
57.470281,0.000000,57.470281,1.000000
3.764745,0.000000,3.764745,1.000000
38.411683,0.000000,38.411683,1.000000
44.315266,27.632230,16.683036,0.376462
52.437597,0.000000,52.437597,1.000000
53.249806,27.658919,25.590888,0.480582
63.436785,27.682976,35.753809,0.563613
30.187470,27.707774,2.479696,0.082143
26.573737,0.000000,26.573737,1.000000
18.768752,0.000000,18.768752,1.000000
5.529532,0.000000,5.529532,1.000000
4.009419,0.000000,4.009419,1.000000
7.456199,0.000000,7.456199,1.000000
21.639390,0.000000,21.639390,1.000000
0.953236,0.000000,0.953236,1.000000
22.933343,0.000000,22.933343,1.000000
5.291389,0.000000,5.291389,1.000000
8.740581,0.000000,8.740581,1.000000
61.936079,0.000000,61.936079,1.000000
67.257802,27.595623,39.662179,0.589704
30.458588,27.628516,2.830072,0.092915
15.703943,27.666439,11.962496,0.761751
29.313827,27.669108,1.644719,0.056107
17.569076,27.657680,10.088604,0.574225
16.240839,0.000000,16.240839,1.000000
9.226671,0.000000,9.226671,1.000000
11.511124,0.000000,11.511124,1.000000
45.664617,27.621257,18.043359,0.395128
19.386379,27.605944,8.219564,0.423987
4.902172,0.000000,4.902172,1.000000
15.365571,0.000000,15.365571,1.000000
29.669750,27.593750,2.076000,0.069970
18.206831,27.582170,9.375339,0.514935
29.172742,0.000000,29.172742,1.000000
34.663707,27.575282,7.088425,0.204491
29.574667,27.576790,1.997877,0.067554
20.455637,0.000000,20.455637,1.000000
16.387021,0.000000,16.387021,1.000000
7.182488,27.578639,20.396151,2.839706
76.488080,0.000000,76.488080,1.000000
56.678132,27.548951,29.129181,0.513940
58.736163,0.000000,58.736163,1.000000
4.386786,0.000000,4.386786,1.000000
8.870648,0.000000,8.870648,1.000000
17.564390,0.000000,17.564390,1.000000
1.876031,0.000000,1.876031,1.000000
0.758546,0.000000,0.758546,1.000000
33.580474,0.000000,33.580474,1.000000
41.722355,27.553585,14.168770,0.339597
34.128223,0.000000,34.128223,1.000000
35.528846,0.000000,35.528846,1.000000
8.137806,0.000000,8.137806,1.000000
62.123946,0.000000,62.123946,1.000000
117.991123,27.567819,90.423304,0.766357
1.478587,0.000000,1.478587,1.000000
22.746378,0.000000,22.746378,1.000000
32.782713,0.000000,32.782713,1.000000
21.767055,27.654839,5.887784,0.270491
5.312335,0.000000,5.312335,1.000000
37.879654,0.000000,37.879654,1.000000
30.711005,27.633527,3.077478,0.100208
4.101330,0.000000,4.101330,1.000000
22.003702,0.000000,22.003702,1.000000
11.868025,0.000000,11.868025,1.000000
9.977487,27.618969,17.641482,1.768129
78.246984,0.000000,78.246984,1.000000
77.852882,27.588334,50.264548,0.645635
21.983929,0.000000,21.983929,1.000000
25.707977,27.680755,1.972777,0.076738
32.610751,0.000000,32.610751,1.000000
2.386438,0.000000,2.386438,1.000000
64.182259,0.000000,64.182259,1.000000
5.374384,0.000000,5.374384,1.000000
18.672537,27.688473,9.015936,0.482845
7.626062,0.000000,7.626062,1.000000
2.430356,0.000000,2.430356,1.000000
28.490908,0.000000,28.490908,1.000000
29.541791,27.618854,1.922937,0.065092
19.131997,27.619646,8.487649,0.443636
39.268464,0.000000,39.268464,1.000000
63.873080,0.000000,63.873080,1.000000
26.951581,27.624246,0.672665,0.024958
17.736782,0.000000,17.736782,1.000000
49.711892,0.000000,49.711892,1.000000
12.441767,27.647431,15.205664,1.222147
10.398413,0.000000,10.398413,1.000000
46.936733,0.000000,46.936733,1.000000
120.376337,27.638079,92.738258,0.770403
63.185765,27.655434,35.530331,0.562315
5.616748,0.000000,5.616748,1.000000
4.947904,0.000000,4.947904,1.000000
13.056002,0.000000,13.056002,1.000000
28.642804,0.000000,28.642804,1.000000
52.668426,27.717122,24.951305,0.473743
13.288424,0.000000,13.288424,1.000000
33.276398,0.000000,33.276398,1.000000
16.402836,27.727343,11.324507,0.690399
15.540084,0.000000,15.540084,1.000000
26.079113,0.000000,26.079113,1.000000
6.311887,27.711348,21.399461,3.390343
1.400823,0.000000,1.400823,1.000000
3.086907,0.000000,3.086907,1.000000
8.892539,0.000000,8.892539,1.000000
28.043334,0.000000,28.043334,1.000000
26.492804,27.629091,1.136287,0.042890
4.270801,0.000000,4.270801,1.000000
1.011132,0.000000,1.011132,1.000000
1.134700,0.000000,1.134700,1.000000
22.120682,0.000000,22.120682,1.000000
4.202409,0.000000,4.202409,1.000000
19.702287,0.000000,19.702287,1.000000
32.065363,27.535587,4.529776,0.141267
48.935122,27.528691,21.406431,0.437445
10.380062,0.000000,10.380062,1.000000
12.979119,0.000000,12.979119,1.000000
54.109009,27.536412,26.572597,0.491094
13.151305,0.000000,13.151305,1.000000
15.867987,0.000000,15.867987,1.000000
21.229794,27.534337,6.304543,0.296967
26.330269,0.000000,26.330269,1.000000
3.775255,0.000000,3.775255,1.000000
17.091675,0.000000,17.091675,1.000000
1.052993,0.000000,1.052993,1.000000
8.113588,0.000000,8.113588,1.000000
75.465752,27.464775,48.000977,0.636063
92.611687,27.447933,65.163754,0.703623
45.582611,0.000000,45.582611,1.000000
30.383437,0.000000,30.383437,1.000000
66.345256,0.000000,66.345256,1.000000
68.124539,27.564370,40.560169,0.595383
42.448728,0.000000,42.448728,1.000000
69.333387,27.633063,41.700324,0.601447
132.357606,27.645880,104.711727,0.791127
2.465573,0.000000,2.465573,1.000000
11.750211,27.772304,16.022093,1.363558
7.753120,0.000000,7.753120,1.000000
7.546423,0.000000,7.546423,1.000000
10.407148,0.000000,10.407148,1.000000
21.690700,0.000000,21.690700,1.000000
48.357880,27.687232,20.670649,0.427452
7.478094,0.000000,7.478094,1.000000
3.551452,0.000000,3.551452,1.000000
39.480431,0.000000,39.480431,1.000000
107.664215,27.661807,80.002408,0.743073
124.111583,27.671925,96.439658,0.777040
4.979303,0.000000,4.979303,1.000000
1.363088,0.000000,1.363088,1.000000
1.240157,0.000000,1.240157,1.000000
32.190381,0.000000,32.190381,1.000000
3.616893,0.000000,3.616893,1.000000
7.119672,0.000000,7.119672,1.000000
6.628299,0.000000,6.628299,1.000000
4.967309,0.000000,4.967309,1.000000
4.950878,0.000000,4.950878,1.000000
1.948300,0.000000,1.948300,1.000000
6.236071,0.000000,6.236071,1.000000
4.772269,0.000000,4.772269,1.000000
11.311380,0.000000,11.311380,1.000000
14.543849,27.607950,13.064102,0.898256
14.043347,0.000000,14.043347,1.000000
10.896104,27.583152,16.687049,1.531469
9.617308,0.000000,9.617308,1.000000
10.346267,0.000000,10.346267,1.000000
10.137254,0.000000,10.137254,1.000000
1.402830,0.000000,1.402830,1.000000
2.513179,0.000000,2.513179,1.000000
33.235718,0.000000,33.235718,1.000000
40.137956,27.470536,12.667420,0.315597
49.232270,0.000000,49.232270,1.000000
51.345271,27.485987,23.859284,0.464683
9.833799,27.504200,17.670401,1.796905
31.575286,0.000000,31.575286,1.000000
33.245041,27.509359,5.735682,0.172527
48.365507,27.512756,20.852751,0.431149
10.772886,0.000000,10.772886,1.000000
16.733649,0.000000,16.733649,1.000000
42.925757,0.000000,42.925757,1.000000
1.492293,0.000000,1.492293,1.000000
17.936596,0.000000,17.936596,1.000000
33.262044,27.503162,5.758882,0.173137
2.633659,0.000000,2.633659,1.000000
44.839162,27.500002,17.339160,0.386697
42.358736,27.479383,14.879352,0.351270
7.290281,27.493766,20.203485,2.771290
1.194213,0.000000,1.194213,1.000000
12.172736,0.000000,12.172736,1.000000
26.711660,0.000000,26.711660,1.000000
22.187724,0.000000,22.187724,1.000000
15.213391,0.000000,15.213391,1.000000
33.012348,0.000000,33.012348,1.000000
4.393353,0.000000,4.393353,1.000000
16.873488,0.000000,16.873488,1.000000
10.439030,0.000000,10.439030,1.000000
40.928849,0.000000,40.928849,1.000000
15.746741,0.000000,15.746741,1.000000
35.993767,0.000000,35.993767,1.000000
45.978457,27.404507,18.573951,0.403971
42.795108,27.411541,15.383567,0.359470
63.401258,27.426735,35.974523,0.567410
44.624492,27.439301,17.185191,0.385107
14.144004,0.000000,14.144004,1.000000
44.035271,27.482687,16.552584,0.375894
7.375694,0.000000,7.375694,1.000000
22.933613,0.000000,22.933613,1.000000
26.759209,27.468930,0.709721,0.026523
56.980736,0.000000,56.980736,1.000000
46.330799,27.464666,18.866133,0.407205
13.957702,0.000000,13.957702,1.000000
10.498811,0.000000,10.498811,1.000000
45.535465,0.000000,45.535465,1.000000
16.030074,27.479179,11.449105,0.714227
36.935375,0.000000,36.935375,1.000000
63.034745,27.484525,35.550220,0.563978
28.909235,0.000000,28.909235,1.000000
13.598413,27.520875,13.922462,1.023830
45.958623,0.000000,45.958623,1.000000
24.966411,27.510766,2.544355,0.101911
20.460223,0.000000,20.460223,1.000000
13.405572,0.000000,13.405572,1.000000
21.423404,27.517889,6.094485,0.284478
1.168918,0.000000,1.168918,1.000000
0.766594,0.000000,0.766594,1.000000
1.370927,0.000000,1.370927,1.000000
18.558028,0.000000,18.558028,1.000000
15.531735,0.000000,15.531735,1.000000
12.663501,0.000000,12.663501,1.000000
16.530552,0.000000,16.530552,1.000000
0.843044,0.000000,0.843044,1.000000
10.480758,0.000000,10.480758,1.000000
13.928511,27.379887,13.451376,0.965744
19.858512,27.366410,7.507899,0.378070
28.036099,27.355703,0.680396,0.024269
23.729413,27.349734,3.620321,0.152567
21.939749,27.350280,5.410531,0.246609
47.165195,0.000000,47.165195,1.000000
7.082084,0.000000,7.082084,1.000000
48.784268,0.000000,48.784268,1.000000
4.809083,0.000000,4.809083,1.000000
21.561862,0.000000,21.561862,1.000000
12.580453,0.000000,12.580453,1.000000
3.390722,0.000000,3.390722,1.000000
28.764983,0.000000,28.764983,1.000000
6.041438,0.000000,6.041438,1.000000
11.299266,0.000000,11.299266,1.000000
49.714114,0.000000,49.714114,1.000000
10.498041,0.000000,10.498041,1.000000
39.081953,0.000000,39.081953,1.000000
30.240827,0.000000,30.240827,1.000000
5.502115,27.292252,21.790137,3.960320
7.266337,0.000000,7.266337,1.000000
27.326782,0.000000,27.326782,1.000000
17.548198,27.261768,9.713570,0.553537
19.245747,0.000000,19.245747,1.000000
8.363103,27.254212,18.891109,2.258864
1.474058,0.000000,1.474058,1.000000
15.013298,0.000000,15.013298,1.000000
21.197669,27.213056,6.015387,0.283776
34.390606,27.203532,7.187073,0.208984
9.328590,0.000000,9.328590,1.000000
7.664851,0.000000,7.664851,1.000000
59.673563,0.000000,59.673563,1.000000
77.297610,27.175336,50.122274,0.648432
32.275454,27.200607,5.074848,0.157236
34.099069,0.000000,34.099069,1.000000
44.425433,27.243442,17.181991,0.386760
11.801474,0.000000,11.801474,1.000000
40.729676,0.000000,40.729676,1.000000
46.837420,0.000000,46.837420,1.000000
30.920809,27.260533,3.660276,0.118376
15.262903,0.000000,15.262903,1.000000
34.339279,0.000000,34.339279,1.000000
4.851219,0.000000,4.851219,1.000000
29.277335,0.000000,29.277335,1.000000
22.504655,0.000000,22.504655,1.000000
6.139003,0.000000,6.139003,1.000000
1.760866,0.000000,1.760866,1.000000
15.995690,0.000000,15.995690,1.000000
19.488876,0.000000,19.488876,1.000000
47.221094,27.210828,20.010266,0.423757
8.944129,0.000000,8.944129,1.000000
28.836943,0.000000,28.836943,1.000000
11.431233,27.206247,15.775014,1.379992
11.210300,0.000000,11.210300,1.000000
49.451873,0.000000,49.451873,1.000000
59.386097,0.000000,59.386097,1.000000
76.755283,27.200216,49.555067,0.645624
34.278011,0.000000,34.278011,1.000000
66.812986,27.262566,39.550420,0.591957
33.913846,27.267913,6.645933,0.195965
39.510130,0.000000,39.510130,1.000000
22.079355,0.000000,22.079355,1.000000
2.743967,0.000000,2.743967,1.000000
2.552600,0.000000,2.552600,1.000000
4.596562,0.000000,4.596562,1.000000
32.558732,0.000000,32.558732,1.000000
5.374711,0.000000,5.374711,1.000000
23.947136,0.000000,23.947136,1.000000
22.965064,0.000000,22.965064,1.000000
27.990086,0.000000,27.990086,1.000000
14.906031,0.000000,14.906031,1.000000
7.490809,0.000000,7.490809,1.000000
4.046079,0.000000,4.046079,1.000000
31.134467,0.000000,31.134467,1.000000
18.376770,27.194416,8.817646,0.479826
41.062763,0.000000,41.062763,1.000000
28.076812,0.000000,28.076812,1.000000
35.161216,0.000000,35.161216,1.000000
28.329708,27.201834,1.127874,0.039812
43.848156,27.207809,16.640347,0.379499
30.217738,27.208651,3.009087,0.099580
15.052797,0.000000,15.052797,1.000000
15.856119,0.000000,15.856119,1.000000
25.853395,27.214259,1.360864,0.052638
9.487671,27.205764,17.718093,1.867486
10.536232,0.000000,10.536232,1.000000
1.681076,0.000000,1.681076,1.000000
5.661293,0.000000,5.661293,1.000000
1.358488,0.000000,1.358488,1.000000
42.587366,0.000000,42.587366,1.000000
36.958427,27.124858,9.833569,0.266071
17.692506,0.000000,17.692506,1.000000
82.654006,0.000000,82.654006,1.000000
69.091312,27.136644,41.954667,0.607235
49.518155,27.177860,22.340296,0.451154
48.449481,27.208953,21.240528,0.438406
61.651070,27.225490,34.425580,0.558394
27.571482,27.241212,0.330270,0.011979
13.554576,27.266682,13.712106,1.011622
87.924117,0.000000,87.924117,1.000000
96.707140,27.256772,69.450367,0.718151
71.087970,27.301578,43.786392,0.615947
42.863837,27.352800,15.511037,0.361868
59.113778,27.385053,31.728724,0.536740
46.973699,0.000000,46.973699,1.000000
48.510448,27.419816,21.090632,0.434765
12.151096,0.000000,12.151096,1.000000
35.021617,0.000000,35.021617,1.000000
31.458669,0.000000,31.458669,1.000000
16.749955,27.444029,10.694074,0.638454
16.823021,0.000000,16.823021,1.000000
36.998313,0.000000,36.998313,1.000000
1.887209,0.000000,1.887209,1.000000
22.938585,0.000000,22.938585,1.000000
39.142310,27.419666,11.722643,0.299488
18.759064,27.416391,8.657327,0.461501
3.458639,0.000000,3.458639,1.000000
11.433844,0.000000,11.433844,1.000000
15.568885,0.000000,15.568885,1.000000
5.535142,0.000000,5.535142,1.000000
22.199146,0.000000,22.199146,1.000000
60.499695,0.000000,60.499695,1.000000
81.189413,27.361251,53.828162,0.662995
12.504000,0.000000,12.504000,1.000000
9.753054,0.000000,9.753054,1.000000
1.217002,0.000000,1.217002,1.000000
43.806762,0.000000,43.806762,1.000000
64.243164,0.000000,64.243164,1.000000
19.045587,27.393693,8.348105,0.438322
27.108151,0.000000,27.108151,1.000000
8.037914,0.000000,8.037914,1.000000
6.164202,0.000000,6.164202,1.000000
57.886140,0.000000,57.886140,1.000000
43.041291,27.384768,15.656523,0.363756
11.818952,0.000000,11.818952,1.000000
65.841860,0.000000,65.841860,1.000000
56.443809,27.406793,29.037016,0.514441
4.165112,0.000000,4.165112,1.000000
10.121059,0.000000,10.121059,1.000000
21.531575,0.000000,21.531575,1.000000
35.342759,0.000000,35.342759,1.000000
46.395611,27.421907,18.973704,0.408955
27.197650,0.000000,27.197650,1.000000
44.924994,0.000000,44.924994,1.000000
54.723014,27.440998,27.282016,0.498547
15.615500,0.000000,15.615500,1.000000
25.992840,27.472997,1.480157,0.056945
28.468560,27.464527,1.004033,0.035268
18.150421,27.463477,9.313056,0.513104
23.759676,27.464193,3.704517,0.155916
32.516270,0.000000,32.516270,1.000000
47.010527,27.454921,19.555605,0.415984
29.156241,0.000000,29.156241,1.000000
16.918448,27.472430,10.553981,0.623815
37.956762,0.000000,37.956762,1.000000
34.334157,27.466130,6.868027,0.200035
19.975563,27.473575,7.498013,0.375359
36.900880,0.000000,36.900880,1.000000
34.829350,0.000000,34.829350,1.000000
42.704726,27.479800,15.224926,0.356516
20.824920,27.485002,6.660081,0.319813
36.213506,0.000000,36.213506,1.000000
50.097225,27.491051,22.606174,0.451246
15.873225,0.000000,15.873225,1.000000
18.500166,0.000000,18.500166,1.000000
33.389220,0.000000,33.389220,1.000000
36.136985,27.498606,8.638379,0.239045
15.455104,0.000000,15.455104,1.000000
6.544970,0.000000,6.544970,1.000000
17.993534,0.000000,17.993534,1.000000
28.708376,27.485627,1.222749,0.042592
22.022792,0.000000,22.022792,1.000000
8.600093,0.000000,8.600093,1.000000
15.049558,0.000000,15.049558,1.000000
5.759884,0.000000,5.759884,1.000000
78.798855,0.000000,78.798855,1.000000
16.393321,0.000000,16.393321,1.000000
14.552487,0.000000,14.552487,1.000000
17.224114,0.000000,17.224114,1.000000
20.050673,0.000000,20.050673,1.000000
38.622175,0.000000,38.622175,1.000000
1.947974,0.000000,1.947974,1.000000
8.456549,0.000000,8.456549,1.000000
47.056446,0.000000,47.056446,1.000000
55.702861,0.000000,55.702861,1.000000
23.145855,27.436220,4.290365,0.185362
29.975538,0.000000,29.975538,1.000000
130.234160,27.452870,102.781290,0.789204
97.150394,27.454621,69.695773,0.717401
18.419235,0.000000,18.419235,1.000000
3.005188,0.000000,3.005188,1.000000
20.431708,0.000000,20.431708,1.000000
4.294673,27.550808,23.256135,5.415112
10.782496,0.000000,10.782496,1.000000
14.741497,0.000000,14.741497,1.000000
4.231881,0.000000,4.231881,1.000000
30.664917,0.000000,30.664917,1.000000
3.657821,0.000000,3.657821,1.000000
0.943354,0.000000,0.943354,1.000000
2.738605,0.000000,2.738605,1.000000
7.448393,0.000000,7.448393,1.000000
7.419070,27.443882,20.024812,2.699100
11.974161,0.000000,11.974161,1.000000
23.160562,0.000000,23.160562,1.000000
49.123620,0.000000,49.123620,1.000000
115.411337,27.402885,88.008452,0.762563
4.958250,0.000000,4.958250,1.000000
17.115162,0.000000,17.115162,1.000000
59.756693,27.462628,32.294065,0.540426
47.625311,27.455551,20.169760,0.423509
7.637034,0.000000,7.637034,1.000000
25.202494,27.491392,2.288897,0.090820
